{
    "ResNet": {
        "best on train": 0.6616702355460385,
        "best on test": 0.6693548387096774
    },
    "BelkiCNN": {
        "best on train": 0.5339043540328337,
        "best on test": 0.5725806451612904
    }
}